{
  "mandatory_features": [
    "age",
    "male",
    "currentSmoker",
    "cigsPerDay"
  ],
  "optional_features": [
    "BPMeds",
    "prevalentStroke",
    "prevalentHyp",
    "diabetes",
    "totChol",
    "sysBP",
    "diaBP",
    "BMI",
    "heartRate",
    "glucose",
    "pack_years",
    "smoking_intensity"
  ],
  "all_features": [
    "age",
    "male",
    "currentSmoker",
    "cigsPerDay",
    "BPMeds",
    "prevalentStroke",
    "prevalentHyp",
    "diabetes",
    "totChol",
    "sysBP",
    "diaBP",
    "BMI",
    "heartRate",
    "glucose",
    "pack_years",
    "smoking_intensity"
  ],
  "feature_means": {
    "age": 49.66391509433962,
    "male": 0.42865566037735847,
    "currentSmoker": 0.49204009433962265,
    "cigsPerDay": 8.959021226415095,
    "BPMeds": 0.02830188679245283,
    "prevalentStroke": 0.006485849056603774,
    "prevalentHyp": 0.310436320754717,
    "diabetes": 0.025943396226415096,
    "totChol": 236.67010613207546,
    "sysBP": 132.43985849056602,
    "diaBP": 82.8841391509434,
    "BMI": 25.824640330188682,
    "heartRate": 75.89121462264151,
    "glucose": 81.58844339622641,
    "pack_years": 21.26645047169811,
    "smoking_intensity": 8.959021226415095
  },
  "feature_stds": {
    "age": 8.572979559851541,
    "male": 0.4949567746099925,
    "currentSmoker": 0.5000103456750874,
    "cigsPerDay": 11.91988027800924,
    "BPMeds": 0.16585837320150942,
    "prevalentStroke": 0.08028501154611863,
    "prevalentHyp": 0.4627404662306651,
    "diabetes": 0.15898990092737444,
    "totChol": 43.959982367689356,
    "sysBP": 22.036160539346646,
    "diaBP": 11.893920280138595,
    "BMI": 4.11596784712295,
    "heartRate": 12.008977009317158,
    "glucose": 22.95887279168297,
    "pack_years": 28.766522399987704,
    "smoking_intensity": 11.91988027800924
  },
  "test_accuracy": 0.7959905862808228,
  "test_auc": 0.6786449551582336
}